specialite,nom,adresse,telephone,site_web,email,email_genere
Rénovation d'appartements pour des familles ou du locatif,Agence immobilière Laforêt Schiltigheim,103 Rte de Bischwiller,03 88 10 83 31,https://www.laforet.com/agence-immobiliere/schiltigheim?utm_source=google&utm_medium=mybusiness,,"Objet : Valorisation de vos mandats d'appartements à Schiltigheim

Bonjour Monsieur, Madame le Directeur,

Votre expertise en rénovation d'appartements pour les familles et le locatif à Schiltigheim est un atout majeur. Nous comprenons l'importance de présenter des biens optimisés pour une vente ou une location rapide et valorisée.

Rénovation Bâtiment Grand Est propose des services TCE clés en main pour transformer et moderniser les biens de vos mandats. Que ce soit pour rafraîchir un logement locatif ou préparer un appartement familial, nos solutions vous aident à réduire les délais de vente et à maximiser le prix.

Un échange de 5 minutes permettrait de cibler vos besoins spécifiques.

Cordialement,

L'équipe Commerciale
Rénovation Bâtiment Grand Est
Téléphone : 06 00 00 00 00
Email : contact@renovation-grand-est.fr"
Biens anciens de caractère,Orpi Agence immo Bischheim Centre,29 Rte de Bischwiller,03 88 20 76 70,https://www.orpi.com/bischheimcentre?utm_source=gmb&utm_medium=organic&utm_campaign=gmb_bischheim&utm_content=bischheimcentre,,"Bonjour Monsieur, Madame le Directeur,

Orpi Bischheim se distingue par son expertise des biens anciens de caractère. Ces propriétés, au charme indéniable, représentent souvent un potentiel de valorisation important via une rénovation ciblée.

Nos services de rénovation TCE sont précisément conçus pour sublimer ces biens, optimiser leur attractivité et, in fine, accélérer vos ventes tout en valorisant significativement vos mandats.

Seriez-vous disponible pour un bref échange de 5 minutes afin d'explorer comment nous pourrions collaborer ?

Cordialement,

L'équipe Commerciale
Rénovation Bâtiment Grand Est
Téléphone : 06 00 00 00 00
Email : contact@renovation-grand-est.fr"
