specialite,nom,adresse,telephone,site_web,email
Rénovation d'appartements pour des familles ou du locatif,Agence immobilière Laforêt Schiltigheim,103 Rte de Bischwiller,03 88 10 83 31,https://www.laforet.com/agence-immobiliere/schiltigheim?utm_source=google&utm_medium=mybusiness,
Biens anciens de caractère,Orpi Agence immo Bischheim Centre,29 Rte de Bischwiller,03 88 20 76 70,https://www.orpi.com/bischheimcentre?utm_source=gmb&utm_medium=organic&utm_campaign=gmb_bischheim&utm_content=bischheimcentre,
,Christelle Clauss Immobilier,43 Rte de Bischwiller,03 67 10 22 10,https://www.christelleclauss.com/?utm_source=gmb,
,Agence immobilière IMMOMANN,42 Rue de la République,03 88 04 00 09,http://www.immomann.com/,
,ERA Immobilier MATHIS & MALTERIES,12 Rue des Pompiers,03 67 34 29 91,https://www.eraimmobilier.com/agence-immobiliere-schiltigheim-377,
,Agence Immobiliere Ott,30 Rue de la République,03 88 81 00 15,http://www.immo-ott.com/,
,Agence CENTURY 21 Les Brasseurs,73 Rte de Bischwiller,03 88 33 33 00,https://www.century21brasseurs-schiltigheim.com/?utm_source=google_business&utm_medium=bouton_fiche_agence&utm_campaign=century-21brasseurs-schiltigheim,
,Clément Immobilier,30 Rue de l'Aubépine,03 88 31 16 74,http://www.clement-immobilier.fr/,
,Orpi My Home Immo Schiltigheim,3 Rue de Lattre de Tassigny,03 67 29 01 29,https://www.orpi.com/myhome/?utm_source=gmb&utm_medium=organic&utm_campaign=gmb_schiltigheim&utm_content=myhome,
,JS HABITAT,1 Rue de Walbourg,09 81 98 13 54,http://www.jshabitat.com/,
,Home Agency,30 Rue Principale,03 88 19 93 13,http://www.home-agency.fr/,
,Christelle Clauss Immobilier Strasbourg ORANGERIE,60 Bd de la Marne,03 90 41 24 10,https://www.christelleclauss.com/,
,Agence Strasbourg Immobilière - asi,77 Rue Boecklin,03 88 45 88 45,https://www.asi67.com/,
,Agence immobilière Vauban,67 All. de la Robertsau,03 88 37 38 08,http://www.immobilier-vauban.com/,
,SBH IMMO,2 Rue André Marie Ampère,03 88 18 67 19,https://www.sbh-immo.fr/,
,IN FINE - Conseil immobilier,9 Rue Schenkbecher,06 61 94 96 31,http://www.infine-immo.com/,
,Agence immobilière Laforêt Strasbourg Orangerie,16 Av. de la Forêt-Noire,03 68 71 05 65,https://www.laforet.com/agence-immobiliere/strasbourg-orangerie?utm_source=google&utm_medium=mybusiness,
,Immobilière Maison & Rêve,4 Rue de l'Industrie,06 79 10 55 59,https://www.maisonetreve.com/,
,Agence immobilière Laforêt Strasbourg,41 Rue Finkwiller,03 90 22 12 00,https://www.laforet.com/agence-immobiliere/strasbourg,
,FONCIA | Agence Immobilière | Achat-Vente | Strasbourg | Place des Halles,8 Pl. des Halles,03 53 64 19 25,https://fr.foncia.com/agence-immobiliere/strasbourg-67/agence-immobiliere/foncia-transaction-strasbourg-halles-1087,
,Ita Immobilier,21 Bis Rte de la Wantzenau,03 90 40 08 48,https://ita-immobilier.fr/,
,Immoval - Agence Immobilière Strasbourg,26B Av. de la Paix,03 88 22 88 22,https://www.immoval.com/?utm_campaign=agence_paix&utm_medium=organic&utm_source=GMB,
,Boulle Immobilier,1 Rue du Parc,03 88 55 00 91,https://www.boulle-immobilier.com/,
,L'immobilière de Sarah,Rue de Verdun,06 15 63 76 55,http://www.limmobilieredesarah.fr/,
,Saint Clair Immobilier,1 Rue Goethe,03 90 41 07 30,http://www.saint-clair-immobilier.fr/,
,Agence immobilière Lamy,3 Pl. de Haguenau 3e étage,03 88 39 81 39,https://www.lamy-immobilier.fr/nos-agences-immobilieres/bas-rhin-67/strasbourg-67082/lamy-strasbourg-kleber,
,CENTURY 21 WEIBEL Strasbourg Cronenbourg,67 Rte de Mittelhausbergen,03 88 27 97 97,https://www.century21weibel.com/?utm_source=google_business&utm_medium=bouton_fiche_agence&utm_campaign=century-21weibel,
,Immobilière de Strasbourg,7 Rue d'Andlau,07 83 08 03 54,,
,Agence immobilière Strasbourg - Espaces Atypiques Alsace,31 Av. des Vosges,03 88 52 27 94,https://www.espaces-atypiques.com/alsace/strasbourg/?utm_campaign=GoogleMyBusiness&utm_medium=Local&utm_source=Google,
,DISTEL IMMOBILIER Agence immobilière indépendante Mundolsheim Achat Vente et Conseils en Home Staging,13 A Rue du Général Leclerc,03 67 10 08 12,http://www.distelimmobilier.fr/,
,HNB Immobilier,26 Av. de Périgueux,06 59 36 66 75,https://www.hnb.immo/contact/,
,Agence immobilière l'Adresse Strasbourg,22 Rue d'Ypres,03 88 31 59 81,https://www.ladresse.com/agence/l-adresse-strasbourg/397,
,Agence immobilière Immobilière Marne Strasbourg,13 Bd de la Marne,03 88 45 56 70,http://www.immo-marne.com/,
,INNOVEO - Agence immobilière,6 Rue Charles de Foucauld,06 24 36 49 81,https://www.agence-innoveo.fr/,
",CFIMMO - Contades Finances Immobilier,""Simone Veil, 17 Av. de la Paix"",03 88 22 29 86,https://www.cfimmo.fr/",,,,,
,AJC IMMO+ Agence immobilière Strasbourg,16 Av. de la Paix,03 88 35 83 23,http://www.ajc-immo-plus.fr/,
",""Gael STURTZ Agence Immobilière, Strasbourg"",4 Rue Friese,06 70 53 42 61,https://www.agence-gaelsturtz.com/",,,,,
,IMMOBILIERE DE LA MARSEILLAISE,22 Av. de la Marseillaise,03 88 24 76 76,http://www.immo-marseillaise.com/,
,Agence immobilière IMBS Immobilière Services,4 Rue de l'Industrie,09 83 66 55 82,https://www.imbs-immo.com/,
,R.IMMOBILIER - Agence Immobilière à Strasbourg Orangerie - Vente - Achat,12 Rue d'Arras,06 60 14 70 91,http://www.r-immo.fr/,
,Nessimmo,5 Av. des Vosges,03 69 57 99 54,http://www.nessimmo67.fr/?utm_source=gmb,
,Fédéral IMMOBILIER,24 Rue Sainte-Hélène,06 22 78 44 81,http://www.federalimmobilier.fr/,
,L’Emplacement,81 Rue Boecklin,03 88 31 02 00,http://www.lemplacement.com/,
,TORDJMAN IMMOBILIER,33 Rue de l'Aubépine,09 81 34 05 58,https://www.tordjman-immobilier.fr/,
,ENYO & GAIA IMMOBILIER - Vente 🏡 Location 🗝 Gestion locative 🥨,42 Av. des Vosges,03 67 10 34 24,http://www.enyogaia-immo.fr/,
",Groupimmo Strasbourg - Agence immobilière,2 Rue Jules Rathgeber,03 88 31 03 09,""https://www.groupimmo.pro/agence/groupimmo-strasbourg-strasbourg-67100,12""",,,,,
,Andersen Immobilier - Agence immobilière à Strasbourg,6 A Rue Théophile Schuler,03 88 25 19 19,https://www.andersen-immobilier.com/,
,PLURIEL IMMOBILIER,6 Rue Saint-Maurice,03 88 61 74 08,https://www.immo-pluriel.fr/,
,Beausite Immobilier - gestion & vente immobilière,50 Av. des Vosges,03 88 24 47 15,https://www.beausite-immobilier.com/,
,FONCIA | Agence Immobilière | Achat-Vente | Strasbourg | Place de Zurich,1 Pl. de Zurich,03 53 64 19 26,https://fr.foncia.com/agence-immobiliere/strasbourg-67/agence-immobiliere/foncia-transaction-strasbourg-zurich-1166,
,Hess Immobilier,6 Pl. Arnold,03 88 44 10 10,http://www.hessimmobilier.fr/,
,J2M Immo Conseil,3 Rue de Wissembourg,03 88 83 67 77,http://www.j2mimmoconseil.com/,
,B2W immo,11 Rue des Veaux,03 88 11 25 35,http://www.b2w.immo/,
,L'Agence Immobilière à Strasbourg,9 Rue des Arquebusiers,03 88 31 20 12,https://www.immobiliere-agence-strasbourg.fr/contact,
,Immobilière Merger,28 A Bd d'Anvers,03 88 55 05 90,http://www.immobiliere-merger.com/,
,Les porteclés immobilier,46 Quai Jacoutot,03 88 39 30 90,http://lesportecles.com/,
,MCS IMMOBILIER - Strasbourg,Rte des Chasseurs,06 37 37 45 25,https://www.mcs-immobilier-alsace.com/,
",""Bintz Immobilier - Vente, Location & Gestion immobilière"",1 Rue Saint-Arbogast,03 67 34 30 20,https://www.bintzimmobilier.fr/",,,,,
,Christelle Clauss Immobilier,52 Rte d'Oberhausbergen,03 90 22 81 30,https://www.christelleclauss.com/agences-christelle-clauss-immobilier/6-christelle-clauss-immobilier-strasbourg-cronenbourg,
,AJC IMMO+ Agence immobilière Les Halles,8 Rue Friese,03 88 37 95 49,http://www.ajc-immo-plus.fr/,
,Ludwig & Imhoff,4 Rue du Maréchal-Foch,03 90 23 66 97,https://www.ludwigimhoff.fr/,
,B&S IMMOBILIER,5 Av. de la Paix,03 88 62 62 94,http://www.bsimmobilier.net/,
,AGENCE IMMOBILIERE,2 Rue Geneviève Anthonioz,07 71 71 47 35,,
,My Plus immobilier,23 Rte de Brumath,06 51 80 00 04,https://myplus-immobilier.com/,
,Valcor Immo,32 All. de la Robertsau,06 51 76 78 92,https://www.valcorimmo.fr/,
,Agence Benedic - Alsimmo (Vente),109 Rue Boecklin,03 88 45 38 90,https://www.benedicsa.com/agences/benedic-alsimmo-strasbourg-transactions-32,
,Angsthelm Immobilier,32 All. de la Robertsau,06 81 97 15 45,http://angsthelm-immobilier.com/,
,Boulle Immobilier Strasbourg,67 Rte du Polygone,03 88 55 00 91,http://www.boulle-immobilier.fr/,
,Fortissimmo,19 All. de la Robertsau,03 90 24 62 85,http://www.fortissimmo.fr/,
,Immoval Prestige - Agence Immobilière Strasbourg,3 Pl. Saint-Pierre-le-Jeune,03 88 22 88 22,https://www.immoval.com/immobilier-de-prestige/?utm_campaign=agence_prestige&utm_medium=organic&utm_source=GMB,
,CitiZen Immobilier,27 Bd de l'Orangerie,03 88 60 12 40,http://www.citizen.immo/,
,Médicis Immobilier Neuf Strasbourg,2 Quai Turckheim,03 61 58 47 02,https://www.medicis-patrimoine.com/2-programme-immobilier-neuf/strasbourg-67000.html,
,Agence Immobilière Strasbourg - Citya Ruhl Ségesca,20 Rue de la 1ère Armée,03 88 32 74 01,https://www.citya.com/agences-immobilieres/strasbourg-67482/190?utm_campaign=strasbourg&utm_medium=gmb&utm_source=google,
,IMMOBILIERE DU RHIN SA,8 Quai des Bateliers,03 88 36 49 54,http://www.immorhin.fr/,
,Adéquation Immobilier,20 Quai des Pêcheurs,03 88 51 69 16,https://adequationimmobilier.com/,
,HRD ORANGERIE-ROBERTSAU,1 Bd du Président Edwards,03 88 14 46 14,,
,Agence immobilière Alsace Transactions Immobilières,All. des Marquises,06 01 68 26 54,http://alsace-immobilier.fr/,
,AGEPRIM|Immobilier,1 Rue Goethe,03 88 24 24 20,http://www.ageprim.fr/,
,Immobilière Catherine Chevreux,28 All. de la Robertsau,03 88 44 01 56,http://www.immochevreux.com/,
,Agence immobilière Espaces et Développements Strasbourg,2 Av. du Président Robert Schuman,03 88 25 03 03,http://www.ed-immobilier.fr/,
,Agence immobilière Strasbourg - Espaces Atypiques Alsace,31 Avenue des Vosges,03 88 52 27 94,https://www.google.com/aclk?sa=L&ai=DChsSEwjwwL2W1u2UAxX6T0ECHTSaIQoYACICCAEQABoCd3M&co=1&ase=2&gclid=CjwKCAjwxITRBhBYEiwA6mZm7e9GtdW08wZ9k0m6HM9i3tjUlaR4rCEVUxIZ5wIX4lvvWF_0EXswjRoCvDkQAvD_BwE&cce=2&category=acrcp_v1_32&sig=AOD64_19N8Ea_SzruEZgrKe1kdrs7vH1Tg&adurl&q&ctype=99&nis=6,
,Nouvel Habitat Strasbourg,20 Rue du 22 Novembre,0 805 69 14 15,https://www.google.com/aclk?sa=L&ai=DChsSEwjwwL2W1u2UAxX6T0ECHTSaIQoYACICCAEQBxoCd3M&co=1&ase=2&gclid=CjwKCAjwxITRBhBYEiwA6mZm7XcPggtD764uqXEx147QZtND_mZMjht1HQIc9X69-jd14hmgLbALmhoCZkwQAvD_BwE&cce=2&category=acrcp_v1_32&sig=AOD64_0tipCTt9wy1vGFhYpaH-xmKnNaFQ&adurl&q&ctype=99&nis=6,
",""Agence immobilière Pichet - Neuf, investissement"",32 - 34 All. de la Robertsau,03 67 85 34 60,https://www.pichet.fr/agence-immobiliere",,,,,
,ZIMMERMANN Immobilier,33 Rue des Carmes,03 88 55 95 00,http://www.immo-zimmermann.com/,
,Cosy Rent - Agence de Conciergerie et Location,5 Av. de Périgueux,06 24 90 57 12,https://www.cosy-rent.fr/,
",Nicolas Hertrich - Agent immobilier,30 Rue Principale,07 72 25 16 70,""https://www.home-agency.fr/conseiller/nicolas.hertrich,110""",,,,,
,Square Habitat Strasbourg (Location - Gestion - Syndic de copropriété​),12 Rue du 22 Novembre,03 88 24 91 91,https://www.squarehabitat.fr/square-habitat-alsace-vosges/nos-agences-immobilieres/bas-rhin/strasbourg-67000/agence/alsace-vosges-square-habitat,
,Otto Patrice,8 Av. Pierre Mendès-France,06 08 01 59 17,http://www.protee-immobilier.fr/,
,Agences 67,1 Rue de Walbourg,06 50 46 44 48,https://agences67.fr/,
,Immobiliere Baumann,21 Av. de la Forêt-Noire,03 88 38 64 85,https://www.agence-baumann.com/,
,Agence Immobilière A et K,67 Rue Principale,03 88 56 28 28,http://www.aetkimmobilier.fr/,
,Weller Immobilière,39 Rue de Zurich,03 88 35 03 33,http://www.wellerimmo.fr/,
,Cabinet Immobilier Avenue de la Paix,16 Av. de la Paix,03 88 16 19 43,,
,Transac'Immobilier,45 Rue Boecklin,03 88 31 27 21,http://www.transac-immobilier.com/,
,4% Immobilier Schiltigheim,152 Rte de Bischwiller,06 89 04 73 63,,
,🏡 Reboot Immobilier - Vente 🗝️ Location ✨ Gestion locative 💻,75 Rte de Mittelhausbergen,06 95 42 95 13,https://www.reboot-immobilier.com/,
,Immocentre,9 Pl. Kléber,03 88 15 79 79,http://www.immocentre.net/?utm_source=gmb,
,Alvedia Immobilier Strasbourg (Estimation Gratuite),27 Rue du Fort-Louis,03 88 64 43 43,http://www.alvedia.immo/,
,COÏMO Immobilier,12 Rue des Orchidées,06 67 54 75 39,https://coimo.fr/,
,Immobilière du Bas Rhin,85 Av. des Vosges,03 88 52 47 40,https://www.immobasrhin.com/,
,Hebding Immobilier,19 Rue du Maréchal-Foch,03 88 23 80 80,http://www.hebdingimmobilier.fr/,
,Dromson Immobilier,9 Rue du Marais-Vert,03 88 52 88 83,https://www.dromson-immobilier.com/,
,Agence immobilière Strasbourg - Espaces Atypiques Alsace,31 Avenue des Vosges,03 88 52 27 94,https://www.google.com/aclk?sa=L&ai=DChsSEwi51OTx1u2UAxWYMQYAHZ3mKgkYACICCAEQBBoCd3M&co=1&ase=2&gclid=CjwKCAjwxITRBhBYEiwA6mZm7dNJLVPfnncUWLXT60lgsQstNYvLtNclfWsaR8Ctf67dpo0Iklr28xoCtu4QAvD_BwE&cce=2&category=acrcp_v1_32&sig=AOD64_1l59rGNkChtdYM7Wm9bFIiIsTL2Q&adurl&q&ctype=99&nis=6,
,Empruntis STRASBOURG courtier en crédit immobilier,1 Place Broglie,03 90 22 56 23,https://www.google.com/aclk?sa=L&ai=DChsSEwi51OTx1u2UAxWYMQYAHZ3mKgkYACICCAEQDBoCd3M&co=1&ase=2&gclid=CjwKCAjwxITRBhBYEiwA6mZm7bm4dT_cp5GHGkO9o-caf2oZQGRrgPhEb_iaGAdaapXH7g1gKhdXxBoCg5MQAvD_BwE&cce=2&category=acrcp_v1_32&sig=AOD64_2v9hpmF7xRUG1ytRPNreks1Vo4Ww&adurl&q&ctype=99&nis=6,
,COLOCATIM,15 Rue de Verdun,03 67 97 33 80,https://colocatim.com/,
,CS Immobilier,36 Rue Boecklin,06 28 34 49 19,,
,Sarimo,35 Rue du Faubourg-de-Pierre,03 88 35 02 11,https://www.sarimo.fr/,
,Rodier Immobilier,68 Rue du Dr François,06 47 23 00 05,https://www.rodier-immobilier.com/a-louer/1,
,Strasbourg Immobilier | agence immobilière et estimation gratuite,9 Pl. Kléber,03 74 47 00 88,https://strasbourg-immobilier.fr/,
,EXCELIMO,35 Rue du Faubourg-de-Pierre,03 88 10 55 00,http://www.excelimo.fr/,
,Husser et Stocki,13 Rue Goethe,03 88 56 25 20,https://husser-stocki.fr/,
,Synchro-Immo Strasbourg,11 Rue du Marais-Vert,03 88 35 74 20,https://www.synchro-immo.fr/,
,Agence immobilière HEDONISTE IMMOBILIER - Agence à STRASBOURG et périphérie - Vente - Location - Gestion Strasbourg,57 Rte de Schirmeck,06 27 27 45 37,http://himmo.fr/,
,BA Immobilier - Agence immobilière à Strasbourg,66 Rue du Marché Gare,03 88 27 27 27,https://www.ba-immo.fr/,
,Alexandre Gartiser Immobilier,2 Rue des Mésanges,06 06 99 00 11,https://www.alexandre-gartiser.com/,
,Immobilière La Gloriette,63 Rte du Général de Gaulle,06 88 59 38 30,,
,EXPERT IMMO GRAND EST,4 Rue du 22 Novembre,07 68 55 58 29,http://www.expertimmograndest.fr/,
,Metzger Immobilier,35 Rue des Mimosas,06 26 82 87 78,http://www.metzgerimmobilier.fr/,
,L'Ill verte,34 Rue de Lattre de Tassigny,06 31 43 40 21,https://www.lillverte.com/contact.html,
,1789 Immobilier,29 Av. Jean Jaurès,06 84 40 57 24,http://www.1789-immo.com/,
,Orpi Immobiliere Bartholdi Reichstett,74 a Rue du Général de Gaulle,03 88 18 40 41,https://www.orpi.com/immobiliere.weiss/?utm_source=gmb&utm_medium=organic&utm_campaign=gmb_reichstett&utm_content=immobiliere.weiss,
,LERESEAU.IMMO,27 Rte de la Wantzenau,06 23 81 43 37,https://lereseau.immo/,
,A.t.i. Est,4 Rue Charles Appell,03 88 35 35 36,http://www.ati-est.fr/,
,AIK - Agence Immobilière du Kochersberg,16 Rue du Faubourg-de-Pierre,03 88 22 10 00,http://www.agence-kochersberg.com/,